category,source,output,source_kb,output_kb,saved_pct,source_dims,output_dims
blog,thrillwave-assets-production/blog/actor-portrait.jpg,blog/actor-portrait.webp,13.6,11.5,15.5,300x225,300x225
blog,thrillwave-assets-production/blog/ai-tech-interface.jpg,blog/ai-tech-interface.webp,507.3,219.9,56.7,1920x1280,1600x1067
blog,thrillwave-assets-production/blog/analytics-dashboard.png,blog/analytics-dashboard.webp,3025.8,49.9,98.3,1344x768,1344x768
blog,thrillwave-assets-production/blog/arizona-campaign.jpg,blog/arizona-campaign.webp,114.0,84.7,25.7,1080x720,1080x720
blog,thrillwave-assets-production/blog/brand-advertising.jpg,blog/brand-advertising.webp,131.4,211.1,-60.6,1280x720,1280x720
blog,thrillwave-assets-production/blog/brand-strategy-board.jpg,blog/brand-strategy-board.webp,155.9,213.1,-36.8,1280x720,1280x720
blog,thrillwave-assets-production/blog/camera-budget.png,blog/camera-budget.webp,338.3,203.1,40.0,1456x816,1456x816
blog,thrillwave-assets-production/blog/camera-jet.jpeg,blog/camera-jet.webp,84.7,51.2,39.6,1456x816,1456x816
blog,thrillwave-assets-production/blog/camera-lens.jpg,blog/camera-lens.webp,96.2,131.7,-36.9,1280x720,1280x720
blog,thrillwave-assets-production/blog/camera-rig.png,blog/camera-rig.webp,3025.8,42.8,98.6,1344x768,1344x768
blog,thrillwave-assets-production/blog/camera-robots.jpeg,blog/camera-robots.webp,176.2,139.7,20.8,1456x816,1456x816
blog,thrillwave-assets-production/blog/camera-test-interview.jpg,blog/camera-test-interview.webp,29.7,24.6,17.3,500x332,500x332
blog,thrillwave-assets-production/blog/cinema-camera-lineup.webp,blog/cinema-camera-lineup.webp,47.1,31.7,32.6,1920x1080,1600x900
blog,thrillwave-assets-production/blog/cinema-camera.png,blog/cinema-camera.webp,3025.8,44.7,98.5,1344x768,1344x768
blog,thrillwave-assets-production/blog/city-camera-tripod.jpeg,blog/city-camera-tripod.webp,120.3,94.7,21.3,1456x816,1456x816
blog,thrillwave-assets-production/blog/city-video-edit.png,blog/city-video-edit.webp,3025.8,76.3,97.5,1344x768,1344x768
blog,thrillwave-assets-production/blog/color-depth-chart.jpg,blog/color-depth-chart.webp,8.3,6.2,24.7,300x169,300x169
blog,thrillwave-assets-production/blog/creative-meeting.png,blog/creative-meeting.webp,3025.8,104.1,96.6,1344x768,1344x768
blog,thrillwave-assets-production/blog/creative-team.jpg,blog/creative-team.webp,98.7,123.2,-24.8,1280x720,1280x720
blog,thrillwave-assets-production/blog/dental-clinic.jpeg,blog/dental-clinic.webp,192.8,92.5,52.0,1920x1280,1600x1067
blog,thrillwave-assets-production/blog/dental-patient.jpeg,blog/dental-patient.webp,229.2,116.3,49.3,1920x1280,1600x1067
blog,thrillwave-assets-production/blog/desert-sunset.jpg,blog/desert-sunset.webp,134.1,205.7,-53.4,1280x720,1280x720
blog,thrillwave-assets-production/blog/digital-marketing.jpg,blog/digital-marketing.webp,82.8,113.9,-37.6,1920x1080,1600x900
blog,thrillwave-assets-production/blog/digital-media-illustration.jpeg,blog/digital-media-illustration.webp,76.0,49.7,34.6,1280x717,1280x717
blog,thrillwave-assets-production/blog/easy-rider-poster.jpg,blog/easy-rider-poster.webp,17.0,16.6,2.5,200x300,200x300
blog,thrillwave-assets-production/blog/editing-monitor.png,blog/editing-monitor.webp,3025.8,70.5,97.7,1344x768,1344x768
blog,thrillwave-assets-production/blog/editing-suite-office.jpg,blog/editing-suite-office.webp,80.5,87.6,-8.8,1280x720,1280x720
blog,thrillwave-assets-production/blog/event-camera-crew.jpg,blog/event-camera-crew.webp,81.9,70.2,14.3,1200x600,1200x600
blog,thrillwave-assets-production/blog/event-camera.jpg,blog/event-camera.webp,40.2,81.0,-101.8,1920x1080,1600x900
blog,thrillwave-assets-production/blog/event-filming.jpeg,blog/event-filming.webp,154.7,71.2,54.0,1920x1284,1600x1070
blog,thrillwave-assets-production/blog/film-crew-team.jpg,blog/film-crew-team.webp,124.8,112.4,10.0,1080x720,1080x720
blog,thrillwave-assets-production/blog/fitness-model-shoot.jpg,blog/fitness-model-shoot.webp,40.5,63.8,-57.4,1920x1080,1600x900
blog,thrillwave-assets-production/blog/flagstaff-skyline.jpg,blog/flagstaff-skyline.webp,66.6,91.5,-37.5,1280x720,1280x720
blog,thrillwave-assets-production/blog/football-player.jpg,blog/football-player.webp,74.9,96.1,-28.2,1280x720,1280x720
blog,thrillwave-assets-production/blog/gym-video-shoot.jpg,blog/gym-video-shoot.webp,90.8,114.8,-26.4,1280x720,1280x720
blog,thrillwave-assets-production/blog/healthcare-computer.jpeg,blog/healthcare-computer.webp,154.4,73.0,52.8,1920x1081,1600x901
blog,thrillwave-assets-production/blog/healthcare-professional.jpg,blog/healthcare-professional.webp,42.5,73.9,-73.9,1920x1080,1600x900
blog,thrillwave-assets-production/blog/home-film-crew.jpg,blog/home-film-crew.webp,126.0,109.9,12.8,1080x720,1080x720
blog,thrillwave-assets-production/blog/home-video-shoot.jpg,blog/home-video-shoot.webp,98.7,74.9,24.2,1080x720,1080x720
blog,thrillwave-assets-production/blog/immersive-tech.jpeg,blog/immersive-tech.webp,114.1,87.4,23.4,1280x717,1280x717
blog,thrillwave-assets-production/blog/influencer-video.jpg,blog/influencer-video.webp,64.2,45.9,28.4,1280x720,1280x720
blog,thrillwave-assets-production/blog/interview-camera.png,blog/interview-camera.webp,3025.8,41.8,98.6,1344x768,1344x768
blog,thrillwave-assets-production/blog/interview-editing.jpg,blog/interview-editing.webp,53.8,88.1,-63.7,1920x1080,1600x900
blog,thrillwave-assets-production/blog/interview-production.jpg,blog/interview-production.webp,152.9,154.6,-1.1,1080x720,1080x720
blog,thrillwave-assets-production/blog/law-office-gavel.jpg,blog/law-office-gavel.webp,43.2,80.3,-85.8,1920x1080,1600x900
blog,thrillwave-assets-production/blog/legal-consult.jpg,blog/legal-consult.webp,58.1,111.4,-91.8,1920x1080,1600x900
blog,thrillwave-assets-production/blog/market-segmentation.jpg,blog/market-segmentation.webp,108.1,146.5,-35.5,1280x720,1280x720
blog,thrillwave-assets-production/blog/marketing-consult.jpg,blog/marketing-consult.webp,59.7,130.3,-118.3,1920x1080,1600x900
blog,thrillwave-assets-production/blog/marketing-plan.jpg,blog/marketing-plan.webp,76.1,96.4,-26.8,1280x720,1280x720
blog,thrillwave-assets-production/blog/marketing-strategy.jpg,blog/marketing-strategy.webp,305.0,168.9,44.6,1920x1280,1600x1067
blog,thrillwave-assets-production/blog/office-camera.png,blog/office-camera.webp,3025.8,46.1,98.5,1344x768,1344x768
blog,thrillwave-assets-production/blog/office-lobby.jpg,blog/office-lobby.webp,97.6,116.8,-19.7,1280x720,1280x720
blog,thrillwave-assets-production/blog/office-video-shoot.jpg,blog/office-video-shoot.webp,60.6,111.1,-83.5,1920x1080,1600x900
blog,thrillwave-assets-production/blog/online-marketing.jpg,blog/online-marketing.webp,136.5,103.2,24.4,1080x720,1080x720
blog,thrillwave-assets-production/blog/outdoor-film-crew.jpg,blog/outdoor-film-crew.webp,100.3,218.0,-117.2,1920x1080,1600x900
blog,thrillwave-assets-production/blog/patient-consult.jpg,blog/patient-consult.webp,44.7,87.1,-94.7,1920x1080,1600x900
blog,thrillwave-assets-production/blog/phoenix-skyline.jpg,blog/phoenix-skyline.webp,162.8,235.3,-44.5,1280x720,1280x720
blog,thrillwave-assets-production/blog/phoenix-sunset.jpeg,blog/phoenix-sunset.webp,377.0,259.7,31.1,1920x1222,1600x1018
blog,thrillwave-assets-production/blog/physical-therapy.jpg,blog/physical-therapy.webp,64.6,116.0,-79.4,1920x1080,1600x900
blog,thrillwave-assets-production/blog/post-production.png,blog/post-production.webp,3025.8,63.7,97.9,1344x768,1344x768
blog,thrillwave-assets-production/blog/precision-meme.jpg,blog/precision-meme.webp,155.7,17.3,88.9,600x428,600x428
blog,thrillwave-assets-production/blog/sedona-aerial.jpg,blog/sedona-aerial.webp,167.3,245.1,-46.5,1280x720,1280x720
blog,thrillwave-assets-production/blog/social-media-marketing.jpg,blog/social-media-marketing.webp,126.1,172.4,-36.7,1280x720,1280x720
blog,thrillwave-assets-production/blog/social-media-phone.jpg,blog/social-media-phone.webp,49.4,99.3,-101.2,1920x1080,1600x900
blog,thrillwave-assets-production/blog/social-media.jpg,blog/social-media.webp,22.5,27.2,-20.9,1920x1080,1600x900
blog,thrillwave-assets-production/blog/social-video-phone.png,blog/social-video-phone.webp,3025.8,42.2,98.6,1344x768,1344x768
blog,thrillwave-assets-production/blog/solar-home.jpg,blog/solar-home.webp,122.4,274.3,-124.1,1920x1080,1600x900
blog,thrillwave-assets-production/blog/solar-panels.jpg,blog/solar-panels.webp,150.2,302.5,-101.4,1920x1080,1600x900
blog,thrillwave-assets-production/blog/sony-fs-camera.jpg,blog/sony-fs-camera.webp,28.7,22.4,22.2,500x332,500x332
blog,thrillwave-assets-production/blog/stagecoach-poster.jpg,blog/stagecoach-poster.webp,22.4,22.5,-0.5,228x300,228x300
blog,thrillwave-assets-production/blog/street-film-crew.png,blog/street-film-crew.webp,3025.8,62.7,97.9,1344x768,1344x768
blog,thrillwave-assets-production/blog/stressed-marketer.jpeg,blog/stressed-marketer.webp,86.1,48.4,43.7,1456x816,1456x816
blog,thrillwave-assets-production/blog/studio-photo-shoot.jpg,blog/studio-photo-shoot.webp,70.5,85.1,-20.8,1280x720,1280x720
blog,thrillwave-assets-production/blog/studio-production.png,blog/studio-production.webp,3025.8,71.9,97.6,1344x768,1344x768
blog,thrillwave-assets-production/blog/the-thing-poster.webp,blog/the-thing-poster.webp,29.4,20.1,31.4,300x235,300x235
blog,thrillwave-assets-production/blog/theater-marquee.jpeg,blog/theater-marquee.webp,107.8,68.8,36.2,1456x816,1456x816
blog,thrillwave-assets-production/blog/tiktok-editing.png,blog/tiktok-editing.webp,3025.8,82.6,97.3,1344x768,1344x768
blog,thrillwave-assets-production/blog/transformers-poster.jpg,blog/transformers-poster.webp,15.4,15.3,0.9,193x300,193x300
blog,thrillwave-assets-production/blog/tucson-skyline.jpg,blog/tucson-skyline.webp,155.0,213.1,-37.5,1280x720,1280x720
blog,thrillwave-assets-production/blog/ugc-product-demo.jpg,blog/ugc-product-demo.webp,46.2,91.5,-98.0,1920x1080,1600x900
blog,thrillwave-assets-production/blog/video-ad-laptop.png,blog/video-ad-laptop.webp,3025.8,44.2,98.5,1344x768,1344x768
blog,thrillwave-assets-production/blog/video-call-laptop.png,blog/video-call-laptop.webp,3025.8,44.4,98.5,1344x768,1344x768
blog,thrillwave-assets-production/blog/video-editing-suite.png,blog/video-editing-suite.webp,3025.8,55.9,98.2,1344x768,1344x768
blog,thrillwave-assets-production/blog/video-editing-timeline.png,blog/video-editing-timeline.webp,3025.8,58.3,98.1,1344x768,1344x768
blog,thrillwave-assets-production/blog/video-production-set.jpeg,blog/video-production-set.webp,152.3,112.7,26.0,1456x816,1456x816
blog,thrillwave-assets-production/blog/waste-bins.jpeg,blog/waste-bins.webp,59.7,35.9,40.0,1280x717,1280x717
clients,thrillwave-assets-production/clients/aura.png,clients/aura.png,8.8,5.7,35.0,500x230,500x230
clients,thrillwave-assets-production/clients/boston-scientific.png,clients/boston-scientific.png,120.9,83.2,31.2,2400x2400,1000x1000
clients,thrillwave-assets-production/clients/firstbank.png,clients/firstbank.png,12.1,7.7,36.6,300x300,300x300
clients,thrillwave-assets-production/clients/golf-digest.png,clients/golf-digest.png,8.6,4.9,43.7,500x290,500x290
clients,thrillwave-assets-production/clients/nbc.png,clients/nbc.png,383.3,66.2,82.7,3000x1688,1000x563
clients,thrillwave-assets-production/clients/nfl.png,clients/nfl.png,101.3,90.5,10.6,2500x2500,1000x1000
clients,thrillwave-assets-production/clients/relentless-beats.png,clients/relentless-beats.png,69.2,56.5,18.3,1200x1200,1000x1000
clients,thrillwave-assets-production/clients/state-farm.png,clients/state-farm.png,327.1,132.4,59.5,3000x1688,1000x563
clients,thrillwave-assets-production/clients/thermo-fisher.png,clients/thermo-fisher.png,82.0,54.6,33.4,1600x407,1000x254
clients,thrillwave-assets-production/clients/uber.png,clients/uber.png,47.2,30.6,35.2,900x800,900x800
clients,thrillwave-assets-production/clients/ubs.png,clients/ubs.png,295.6,113.7,61.5,3000x1800,1000x600
clients,thrillwave-assets-production/clients/ufc.png,clients/ufc.png,108.9,40.2,63.1,2560x871,1000x340
team,thrillwave-assets-production/team/ari-everett.jpg,team/ari-everett.webp,7089.3,165.3,97.7,3769x5025,1200x1600
team,thrillwave-assets-production/team/chris-kuzman.jpg,team/chris-kuzman.webp,1308.5,300.5,77.0,1361x1815,1200x1600
team,thrillwave-assets-production/team/tony-swainn.jpg,team/tony-swainn.webp,1470.5,264.1,82.0,1477x1970,1200x1600
brand/thrillwave,thrillwave-assets-organized/brand/thrillwave/thrill-wave-logo-2022-social-square-black-on-clear-3.png,brand/thrillwave/logo-black-wordmark.png,57.6,40.7,29.4,1985x249,1600x201
brand/thrillwave,thrillwave-assets-organized/brand/thrillwave/thrill-wave-logo-2022-social-square-white-on-clear-2.png,brand/thrillwave/logo-white-wordmark.png,170.7,94.6,44.6,2028x1187,1600x936
brand/thrillwave,thrillwave-assets-organized/brand/thrillwave/thrill-wave-full-color-logo.png,brand/thrillwave/logo-color.png,56.8,56.7,0.2,1390x938,1390x938
brand/thrillwave,thrillwave-assets-organized/brand/thrillwave/thrill-wave-grayscale-logo.png,brand/thrillwave/logo-gray.png,9.5,10.6,-11.3,792x612,792x612
brand/thrillwave,thrillwave-assets-organized/brand/thrillwave/thrill-wave-grayscale-logo-and-wordmark.png,brand/thrillwave/logo-gray-wordmark.png,12.8,14.7,-14.3,792x612,792x612
brand/thrillwave,thrillwave-assets-organized/brand/thrillwave/thrill-wave-logo-2022-social-square-black-on-white-just-wave.jpg,brand/thrillwave/mark-black.webp,74.6,18.5,75.2,2032x2032,1600x1600
brand/thrillwave,thrillwave-assets-organized/brand/thrillwave/2022-09-05-thrill-wave1432.jpg,brand/thrillwave/ari-portrait.webp,7089.3,220.9,96.9,3769x5025,1350x1800
brand/thrillwave,thrillwave-assets-organized/brand/thrillwave/2022-09-05-thrill-wave1432-3.jpg,brand/thrillwave/ari-portrait-wide.webp,252.8,125.5,50.3,1400x1050,1400x1050
brand/thrillwave,thrillwave-assets-organized/brand/thrillwave/2022-09-05-thrill-wave1535.jpg,brand/thrillwave/chris-portrait.webp,1308.5,386.8,70.4,1361x1815,1350x1800
brand/thrillwave,thrillwave-assets-organized/brand/thrillwave/2022-09-05-thrill-wave1535-59e0eed718f54c5cb45bc53abc42e4a4.jpg,brand/thrillwave/chris-portrait-color.webp,2496.1,129.3,94.8,1667x2500,1200x1800
brand/thrillwave,thrillwave-assets-organized/brand/thrillwave/2022-09-05-thrill-wave1760.jpg,brand/thrillwave/tony-portrait.webp,1470.5,347.8,76.3,1477x1970,1350x1800
brand/thrillwave,thrillwave-assets-organized/brand/thrillwave/2022-09-05-thrill-wave1760-546c0f2abad34624929dde12e4a8262f.jpg,brand/thrillwave/tony-portrait-color.webp,2524.3,117.2,95.4,1668x2500,1201x1800
brand/thrillwave,thrillwave-assets-organized/brand/thrillwave/jordan-thrill-wavepic2.jpg,brand/thrillwave/jordan-portrait.webp,9.5,7.6,19.9,224x225,224x225
contact,thrillwave-assets-organized/contact/map-pin-thrillwave5-2.png,contact/map-pin-outline.png,32.4,26.8,17.2,332x498,332x498
contact,thrillwave-assets-organized/contact/map-pin-thrillwave5.png,contact/map-pin-square.png,31.2,37.9,-21.7,1000x498,800x398
contact,thrillwave-assets-organized/contact/map-pin-thrillwave6.png,contact/map-pin-solid.png,22.1,26.8,-21.3,302x536,302x536
portfolio/stills,thrillwave-assets-organized/portfolio/stills/0i1a0833.jpg,portfolio/stills/dental-procedure.webp,3053.3,229.7,92.5,2500x1667,1800x1200
portfolio/stills,thrillwave-assets-organized/portfolio/stills/0i1a1018.jpg,portfolio/stills/dentist-consult.webp,2704.9,158.1,94.2,2500x1667,1800x1200
portfolio/stills,thrillwave-assets-organized/portfolio/stills/0i1a2926.jpg,portfolio/stills/dental-consult-screen.webp,2574.7,186.4,92.8,2500x1406,1800x1012
portfolio/stills,thrillwave-assets-organized/portfolio/stills/0i1a3156.jpg,portfolio/stills/dental-treatment-room.webp,2719.5,234.0,91.4,2500x1406,1800x1012
portfolio/stills,thrillwave-assets-organized/portfolio/stills/0i1a5739.jpg,portfolio/stills/dentist-treatment.webp,2846.1,182.7,93.6,2500x1667,1800x1200
portfolio/stills,thrillwave-assets-organized/portfolio/stills/0i1a8188.jpg,portfolio/stills/endodontist-microscope.webp,2567.7,160.6,93.7,2500x1668,1800x1201
portfolio/stills,thrillwave-assets-organized/portfolio/stills/0i1a8205.jpg,portfolio/stills/endodontist-treatment.webp,2688.8,149.3,94.4,2500x1667,1800x1200
portfolio/stills,thrillwave-assets-organized/portfolio/stills/3f839d7d-2b8c-4a58-90b3-50f19fcbf386340672-340672-r1-08.jpg,portfolio/stills/crew-location.webp,568.9,341.0,40.1,1818x1228,1800x1216
portfolio/stills,thrillwave-assets-organized/portfolio/stills/d888f1e5-86ce-4066-83dd-0962d058ae79.jpg,portfolio/stills/business-analytics.webp,160.8,45.7,71.6,1024x768,1024x768
portfolio/stills,thrillwave-assets-organized/portfolio/stills/dsc-6473.jpg,portfolio/stills/event-hands.webp,19516.3,192.7,99.0,6016x4016,1800x1202
portfolio/stills,thrillwave-assets-organized/portfolio/stills/ec8da7f6-5779-4b52-a519-ead6aa56cfe2.jpg,portfolio/stills/abstract-blocks.webp,174.1,51.3,70.5,1024x768,1024x768
portfolio/stills,thrillwave-assets-organized/portfolio/stills/f4d28105-3500-4f72-a37e-a11c01f34843.jpg,portfolio/stills/business-consult.webp,196.8,62.6,68.2,1024x768,1024x768
portfolio/stills,thrillwave-assets-organized/portfolio/stills/img-0600.jpg,portfolio/stills/camera-crew.webp,343.5,130.2,62.1,1179x1450,1179x1450
portfolio/stills,thrillwave-assets-organized/portfolio/stills/cube-and-tagline3.png,portfolio/stills/firstbank-cube.png,160.7,170.6,-6.1,500x542,500x542
portfolio/stills,thrillwave-assets-organized/portfolio/stills/nektar.png,portfolio/stills/nektar-logo.png,19.4,18.7,3.7,1577x323,1577x323
portfolio/stills,thrillwave-assets-organized/portfolio/stills/pat0001-05-pathnostics-corporate-plus-tagline-pantone.png,portfolio/stills/pathnostics-logo.png,72.1,133.8,-85.6,1908x296,1800x279
portfolio/stills,thrillwave-assets-organized/portfolio/stills/sdp.png,portfolio/stills/specialized-dental-logo.png,87.5,84.1,3.8,800x533,800x533
portfolio/stills,thrillwave-assets-organized/portfolio/stills/wic-itca-bts-october-2023-12.jpg,portfolio/stills/wic-film-set-01.webp,2683.5,430.7,84.0,6687x4672,1800x1258
portfolio/stills,thrillwave-assets-organized/portfolio/stills/wic-itca-bts-october-2023-34.jpg,portfolio/stills/wic-film-set-02.webp,2334.6,293.5,87.4,7008x4672,1800x1200
portfolio/thomas-medical/photos,thrillwave-assets-organized/portfolio/thomas-medical/photos/0i1a2730.jpg,portfolio/thomas-medical/photos/patient-procedure-01.webp,385.2,152.7,60.3,2500x1667,1800x1200
portfolio/thomas-medical/photos,thrillwave-assets-organized/portfolio/thomas-medical/photos/0i1a2787.jpg,portfolio/thomas-medical/photos/doctor-consult-01.webp,446.9,196.1,56.1,2500x1406,1800x1012
portfolio/thomas-medical/photos,thrillwave-assets-organized/portfolio/thomas-medical/photos/0i1a2827.jpg,portfolio/thomas-medical/photos/doctor-consult-02.webp,500.0,227.7,54.5,2500x1667,1800x1200
portfolio/thomas-medical/photos,thrillwave-assets-organized/portfolio/thomas-medical/photos/0i1a2851.jpg,portfolio/thomas-medical/photos/doctor-consult-03.webp,458.6,202.3,55.9,2500x1406,1800x1012
portfolio/thomas-medical/photos,thrillwave-assets-organized/portfolio/thomas-medical/photos/0i1a2926.jpg,portfolio/thomas-medical/photos/doctor-consult-04.webp,420.9,185.9,55.8,2500x1406,1800x1012
portfolio/thomas-medical/photos,thrillwave-assets-organized/portfolio/thomas-medical/photos/0i1a2949.jpg,portfolio/thomas-medical/photos/doctor-consult-05.webp,311.4,107.7,65.4,2500x1667,1800x1200
portfolio/thomas-medical/photos,thrillwave-assets-organized/portfolio/thomas-medical/photos/0i1a3027.jpg,portfolio/thomas-medical/photos/staff-tablet-01.webp,402.9,164.8,59.1,2500x1406,1800x1012
portfolio/thomas-medical/photos,thrillwave-assets-organized/portfolio/thomas-medical/photos/0i1a3098.jpg,portfolio/thomas-medical/photos/staff-tablet-02.webp,358.3,143.3,60.0,2500x1406,1800x1012
portfolio/thomas-medical/photos,thrillwave-assets-organized/portfolio/thomas-medical/photos/0i1a3156.jpg,portfolio/thomas-medical/photos/treatment-room-01.webp,490.5,232.1,52.7,2500x1406,1800x1012
portfolio/thomas-medical/photos,thrillwave-assets-organized/portfolio/thomas-medical/photos/0i1a3214.jpg,portfolio/thomas-medical/photos/microscope-treatment-01.webp,322.8,115.1,64.3,2500x1406,1800x1012
portfolio/thomas-medical/photos,thrillwave-assets-organized/portfolio/thomas-medical/photos/0i1a3917.jpg,portfolio/thomas-medical/photos/dental-scanner.webp,260.7,87.6,66.4,2500x1668,1800x1201
portfolio/thomas-medical/photos,thrillwave-assets-organized/portfolio/thomas-medical/photos/0i1a5277.jpg,portfolio/thomas-medical/photos/staff-portrait-01.webp,348.1,134.2,61.4,2500x1667,1800x1200
portfolio/thomas-medical/photos,thrillwave-assets-organized/portfolio/thomas-medical/photos/0i1a6068.jpg,portfolio/thomas-medical/photos/dentist-treatment-01.webp,418.5,168.5,59.7,2500x1667,1800x1200
portfolio/thomas-medical/photos,thrillwave-assets-organized/portfolio/thomas-medical/photos/0i1a6096.jpg,portfolio/thomas-medical/photos/microscope-treatment-02.webp,361.3,118.4,67.2,2500x1668,1800x1201
portfolio/thomas-medical/photos,thrillwave-assets-organized/portfolio/thomas-medical/photos/0i1a6142.jpg,portfolio/thomas-medical/photos/dentist-treatment-02.webp,523.8,233.6,55.4,2500x1668,1800x1201
portfolio/thomas-medical/photos,thrillwave-assets-organized/portfolio/thomas-medical/photos/0i1a6150.jpg,portfolio/thomas-medical/photos/microscope-closeup.webp,374.8,132.4,64.7,2500x1666,1800x1200
portfolio/thomas-medical/photos,thrillwave-assets-organized/portfolio/thomas-medical/photos/0i1a6177.jpg,portfolio/thomas-medical/photos/patient-consult-01.webp,386.3,140.8,63.6,2500x1667,1800x1200
portfolio/thomas-medical/photos,thrillwave-assets-organized/portfolio/thomas-medical/photos/0i1a6379.jpg,portfolio/thomas-medical/photos/staff-portrait-02.webp,411.4,155.2,62.3,2500x1667,1800x1200
portfolio/thomas-medical/photos,thrillwave-assets-organized/portfolio/thomas-medical/photos/0i1a6480.jpg,portfolio/thomas-medical/photos/staff-hallway-01.webp,417.9,146.9,64.9,2500x1667,1800x1200
portfolio/thomas-medical/photos,thrillwave-assets-organized/portfolio/thomas-medical/photos/0i1a6657.jpg,portfolio/thomas-medical/photos/patient-consult-02.webp,288.2,85.6,70.3,2500x1667,1800x1200
portfolio/thomas-medical/photos,thrillwave-assets-organized/portfolio/thomas-medical/photos/0i1a6864.jpg,portfolio/thomas-medical/photos/staff-hallway-02.webp,358.7,121.8,66.1,2500x1668,1800x1201
portfolio/thomas-medical/photos,thrillwave-assets-organized/portfolio/thomas-medical/photos/0i1a6917.jpg,portfolio/thomas-medical/photos/dental-imaging.webp,422.4,164.5,61.1,2500x1667,1800x1200
portfolio/thomas-medical/photos,thrillwave-assets-organized/portfolio/thomas-medical/photos/0i1a7048.jpg,portfolio/thomas-medical/photos/staff-portrait-03.webp,429.4,164.6,61.7,2500x1667,1800x1200
portfolio/thomas-medical/photos,thrillwave-assets-organized/portfolio/thomas-medical/photos/0i1a7828.jpg,portfolio/thomas-medical/photos/patient-consult-03.webp,376.3,148.0,60.7,2500x1667,1800x1200
portfolio/thomas-medical/photos,thrillwave-assets-organized/portfolio/thomas-medical/photos/0i1a8060.jpg,portfolio/thomas-medical/photos/treatment-detail.webp,284.0,99.0,65.1,2500x1668,1800x1201
portfolio/thomas-medical/photos,thrillwave-assets-organized/portfolio/thomas-medical/photos/0i1a9089.jpg,portfolio/thomas-medical/photos/staff-hallway-03.webp,473.4,197.7,58.2,2500x1668,1800x1201
portfolio/thomas-medical/photos,thrillwave-assets-organized/portfolio/thomas-medical/photos/0i1a9268-hdr-plus-village-plus-medical-plus-at-plus-walgreens-plus-plus-2411-plus-w-plus-anthem-plus-way-plus-suite-plus-101-plus-anthem-plus-az-plus-85086.jpg,portfolio/thomas-medical/photos/clinic-exterior-01.webp,234.1,210.3,10.1,1500x1000,1500x1000
portfolio/thomas-medical/photos,thrillwave-assets-organized/portfolio/thomas-medical/photos/0i1a9415.jpg,portfolio/thomas-medical/photos/patient-portrait-01.webp,374.0,151.1,59.6,2500x1667,1800x1200
portfolio/thomas-medical/photos,thrillwave-assets-organized/portfolio/thomas-medical/photos/0i1a9533.jpg,portfolio/thomas-medical/photos/doctor-consult-06.webp,471.1,201.4,57.2,2500x1667,1800x1200
portfolio/thomas-medical/photos,thrillwave-assets-organized/portfolio/thomas-medical/photos/0i1a9662.jpg,portfolio/thomas-medical/photos/doctor-consult-07.webp,404.4,158.2,60.9,2500x1667,1800x1200
portfolio/thomas-medical/photos,thrillwave-assets-organized/portfolio/thomas-medical/photos/0i1a9738.jpg,portfolio/thomas-medical/photos/doctor-portrait-01.webp,364.4,132.8,63.6,2500x1668,1800x1201
portfolio/thomas-medical/photos,thrillwave-assets-organized/portfolio/thomas-medical/photos/0i1a9974-1.jpg,portfolio/thomas-medical/photos/doctor-portrait-02.webp,296.6,111.4,62.5,2500x1667,1800x1200
portfolio/thomas-medical/photos,thrillwave-assets-organized/portfolio/thomas-medical/photos/25728.jpg,portfolio/thomas-medical/photos/office-consult-01.webp,232.6,160.4,31.0,1500x844,1500x844
portfolio/thomas-medical/photos,thrillwave-assets-organized/portfolio/thomas-medical/photos/25738.jpg,portfolio/thomas-medical/photos/laptop-detail.webp,210.5,141.8,32.6,1500x844,1500x844
portfolio/thomas-medical/photos,thrillwave-assets-organized/portfolio/thomas-medical/photos/examroom-2056-1.jpg,portfolio/thomas-medical/photos/exam-room-consult.webp,177.1,104.1,41.2,1500x1000,1500x1000
portfolio/thomas-medical/photos,thrillwave-assets-organized/portfolio/thomas-medical/photos/ing-3985.jpg,portfolio/thomas-medical/photos/dentist-consult-01.webp,482.4,213.9,55.6,2500x1668,1800x1201
portfolio/thomas-medical/photos,thrillwave-assets-organized/portfolio/thomas-medical/photos/ing-4335.jpg,portfolio/thomas-medical/photos/dentist-consult-02.webp,418.1,175.7,58.0,2500x1667,1800x1200
portfolio/thomas-medical/photos,thrillwave-assets-organized/portfolio/thomas-medical/photos/ing-4350.jpg,portfolio/thomas-medical/photos/dentist-exam-01.webp,461.1,203.1,55.9,2500x1667,1800x1200
portfolio/thomas-medical/photos,thrillwave-assets-organized/portfolio/thomas-medical/photos/ing-4441.jpg,portfolio/thomas-medical/photos/microscope-treatment-03.webp,352.0,137.3,61.0,2500x1667,1800x1200
portfolio/thomas-medical/photos,thrillwave-assets-organized/portfolio/thomas-medical/photos/ing-7194.jpg,portfolio/thomas-medical/photos/dentist-portrait-01.webp,385.0,141.0,63.4,2500x1667,1800x1200
portfolio/thomas-medical/photos,thrillwave-assets-organized/portfolio/thomas-medical/photos/ing-7593.jpg,portfolio/thomas-medical/photos/dentist-treatment-03.webp,422.7,178.6,57.7,2500x1667,1800x1200
portfolio/thomas-medical/photos,thrillwave-assets-organized/portfolio/thomas-medical/photos/ing-7751.jpg,portfolio/thomas-medical/photos/microscope-portrait.webp,400.8,171.5,57.2,2500x1667,1800x1200
portfolio/thomas-medical/photos,thrillwave-assets-organized/portfolio/thomas-medical/photos/ing-7860.jpg,portfolio/thomas-medical/photos/dentist-consult-03.webp,481.0,204.0,57.6,2500x1667,1800x1200
portfolio/thomas-medical/photos,thrillwave-assets-organized/portfolio/thomas-medical/photos/ing-8256-15450-plus-n-plus-tatum-plus-blvd-plus-phoenix-plus-az-plus-85032.jpg,portfolio/thomas-medical/photos/clinic-exterior-02.webp,304.4,230.7,24.2,1500x1000,1500x1000
portfolio/thomas-medical/photos,thrillwave-assets-organized/portfolio/thomas-medical/photos/ing-8660.jpg,portfolio/thomas-medical/photos/staff-tablet-03.webp,500.1,212.7,57.5,2500x1667,1800x1200
portfolio/thomas-medical/photos,thrillwave-assets-organized/portfolio/thomas-medical/photos/ing-8672.jpg,portfolio/thomas-medical/photos/staff-hallway-04.webp,531.7,226.8,57.4,2500x1668,1800x1201
portfolio/thomas-medical/photos,thrillwave-assets-organized/portfolio/thomas-medical/photos/lobby-1015.jpg,portfolio/thomas-medical/photos/doctor-portrait-03.webp,147.0,90.0,38.8,1500x1000,1500x1000
portfolio/thomas-medical/photos,thrillwave-assets-organized/portfolio/thomas-medical/photos/lobby-1425.jpg,portfolio/thomas-medical/photos/lobby-consult.webp,186.6,102.9,44.9,1500x1001,1500x1001
portfolio/thomas-medical/photos,thrillwave-assets-organized/portfolio/thomas-medical/photos/lobby-1488.jpg,portfolio/thomas-medical/photos/patient-phone.webp,118.1,55.4,53.1,1500x1000,1500x1000
portfolio/thomas-medical/photos,thrillwave-assets-organized/portfolio/thomas-medical/photos/pharmacycounter-0083-plus-copy.jpg,portfolio/thomas-medical/photos/pharmacy-consult-01.webp,184.9,96.4,47.9,1500x1000,1500x1000
portfolio/thomas-medical/photos,thrillwave-assets-organized/portfolio/thomas-medical/photos/pharmacycounter-0137-plus-1.jpg,portfolio/thomas-medical/photos/pharmacy-consult-02.webp,134.1,65.7,51.0,1500x1000,1500x1000
portfolio/thomas-medical/photos,thrillwave-assets-organized/portfolio/thomas-medical/photos/phx-subhais-plus-maitra-0562.jpg,portfolio/thomas-medical/photos/doctor-portrait-04.webp,116.0,51.9,55.3,1500x1000,1500x1000
portfolio/thomas-medical/photos,thrillwave-assets-organized/portfolio/thomas-medical/photos/phx-trinh-plus-doan-0009.jpg,portfolio/thomas-medical/photos/doctor-portrait-05.webp,108.9,48.5,55.4,1500x1000,1500x1000
portfolio/thomas-medical/photos,thrillwave-assets-organized/portfolio/thomas-medical/photos/screenshot-2024-01-08-at-11-56-54-am.png,portfolio/thomas-medical/photos/clinic-staff-01.png,7236.2,2032.8,71.9,3358x1880,1800x1008
portfolio/thomas-medical/photos,thrillwave-assets-organized/portfolio/thomas-medical/photos/screenshot-2024-01-08-at-11-57-04-am.png,portfolio/thomas-medical/photos/clinic-staff-02.png,7011.5,1939.8,72.3,3368x1882,1800x1006
portfolio/thomas-medical/photos,thrillwave-assets-organized/portfolio/thomas-medical/photos/screenshot-2024-01-08-at-11-57-23-am.png,portfolio/thomas-medical/photos/clinic-staff-03.png,2124.6,1052.7,50.5,1432x2154,1197x1800
portfolio/thomas-medical/photos,thrillwave-assets-organized/portfolio/thomas-medical/photos/vestibule-1534.jpg,portfolio/thomas-medical/photos/pharmacy-vestibule.webp,256.9,162.4,36.8,1500x1000,1500x1000
portfolio/thomas-medical/photos,thrillwave-assets-organized/portfolio/thomas-medical/photos/vmdroom-0294.jpg,portfolio/thomas-medical/photos/medical-consult-01.webp,149.6,81.5,45.5,1500x1000,1500x1000
portfolio/thomas-medical/photos,thrillwave-assets-organized/portfolio/thomas-medical/photos/vmdroom-0330.jpg,portfolio/thomas-medical/photos/medical-consult-02.webp,154.7,87.9,43.2,1500x1001,1500x1001
portfolio/thomas-medical/photos,thrillwave-assets-organized/portfolio/thomas-medical/photos/vmdroom-0630.jpg,portfolio/thomas-medical/photos/medical-consult-03.webp,186.2,110.3,40.8,1500x1000,1500x1000
portfolio/thomas-medical/photos,thrillwave-assets-organized/portfolio/thomas-medical/photos/vmdwork-1697.jpg,portfolio/thomas-medical/photos/medical-workstation-01.webp,201.2,108.6,46.0,1500x1000,1500x1000
portfolio/thomas-medical/photos,thrillwave-assets-organized/portfolio/thomas-medical/photos/vmdwork-1881.jpg,portfolio/thomas-medical/photos/medical-workstation-02.webp,178.7,91.1,49.0,1500x1001,1500x1001
